auroc,auprc,f1,mcc,balanced_acc,brier,tn,fp,fn,tp,threshold,split_seed
0.6553945249597424,0.5651768361468696,0.5531914893617021,0.15743017592414318,0.5789049919484701,0.2878616477008885,16,11,10,13,0.44999999999999996,13
0.6458333333333334,0.6297362258379978,0.7428571428571429,0.3843530573929037,0.625,0.29021066698057885,6,18,0,26,0.05,17
0.5240384615384616,0.49971954817269787,0.6461538461538462,0.1375429889020977,0.5528846153846154,0.3181376351416547,6,20,3,21,0.1,23
0.5961538461538461,0.6044467924072652,0.6956521739130436,0.32025630761017426,0.5961538461538461,0.23595090258746837,5,21,0,24,0.3,29
0.6282051282051282,0.6245744627177892,0.4888888888888889,0.07462028278336501,0.5368589743589743,0.24341383522003443,16,10,13,11,0.49999999999999994,31
