auroc,auprc,f1,mcc,balanced_acc,brier,tn,fp,fn,tp,threshold,split_seed
0.8945913936044216,0.8911914370565984,0.7795414462081128,0.5642681562913968,0.7806487695749441,0.14027669694677097,207,91,34,221,0.2,13
0.9066339714180246,0.9047501770349067,0.7787307032590052,0.5641622844540327,0.7776393503137689,0.12804082357427005,197,104,25,227,0.35,17
0.8720406604692809,0.8708241665148171,0.7759336099585061,0.6065132530351981,0.7995483633107734,0.1478115520981819,258,41,67,187,0.6,23
0.8952075621364357,0.8936545223954088,0.8138195777351247,0.6514030159314577,0.8274193548387097,0.13273030485439366,244,61,36,212,0.49999999999999994,29
0.8922506987291041,0.8845478236846293,0.7864271457085829,0.6096157583532036,0.8044942783314877,0.13406458654803008,249,52,55,197,0.49999999999999994,31
