auroc,auprc,f1,mcc,balanced_acc,brier,tn,fp,fn,tp,threshold,split_seed
0.886062113674054,0.864423531118559,0.7482517482517482,0.562524646956196,0.7856173677069199,0.1371476174525152,153,45,27,107,0.49999999999999994,13
0.8556495581876293,0.8104575112547011,0.7352941176470589,0.5516802571661411,0.776461740928746,0.1563808013055468,160,37,35,100,0.6,17
0.8627424620702899,0.8177315943261074,0.740484429065744,0.5583164625806909,0.7871135010562704,0.15164351566546216,150,55,20,107,0.44999999999999996,23
0.8476140456182473,0.7766640487187902,0.7245283018867924,0.5423069982588975,0.7687575030012005,0.1570863805377489,163,33,40,96,0.5499999999999999,29
0.8717270563343031,0.8330102721775146,0.7472527472527472,0.571520679501188,0.7879812596818679,0.14877838530268975,161,38,31,102,0.6,31
