auroc,auprc,f1,mcc,balanced_acc,brier,tn,fp,fn,tp,threshold,split_seed
0.8659368436704272,0.7964439684876408,0.7134502923976609,0.5570249768529828,0.7770384551047339,0.15760389491736693,264,47,51,122,0.65,13
0.8629743667239652,0.7900698189836282,0.7037974683544304,0.5253002150655202,0.7757891157747596,0.14858767212423035,228,89,28,139,0.39999999999999997,17
0.8546533185020392,0.7888244751441189,0.6840579710144927,0.5091651261270081,0.753596588802373,0.16542886183396768,257,53,56,118,0.65,23
0.8691639522258415,0.8014565132335703,0.7130919220055709,0.5441476660318678,0.7736340381677984,0.14591706815982772,253,54,49,128,0.5499999999999999,29
0.8763019857624579,0.8147219994977642,0.7012195121951219,0.5492446806303326,0.7697639565380292,0.14545839210284314,271,43,55,115,0.6,31
