auroc,auprc,f1,mcc,balanced_acc,brier,tn,fp,fn,tp,threshold,split_seed
0.9225051975051975,0.8619056035485249,0.8209606986899562,0.713292689667294,0.8681392931392932,0.10614561238205711,154,31,10,94,0.35,13
0.9248877753418938,0.8637624927399778,0.8355555555555555,0.7389918017154059,0.8810418624073495,0.09959642983521928,158,28,9,94,0.3,17
0.9236519228786473,0.8624956406346007,0.7962962962962964,0.6751109376698092,0.8400866068666872,0.10593273479953247,159,24,20,86,0.44999999999999996,23
0.9085758835758835,0.8582256198188923,0.765625,0.6251893038861033,0.8252079002079002,0.1175004839268616,131,54,6,98,0.15,29
0.9255930984902947,0.8607319908647406,0.7647058823529411,0.6386701849013042,0.812288179110609,0.10491445383034244,163,19,29,78,0.7999999999999999,31
