rmse,mae,r2,spearman,split_seed
0.571326480963883,0.4261092035876204,0.17047032014828156,0.5021742780812515,13
0.5444805751476441,0.41925790449088346,0.24927164041935979,0.4507453324735497,17
0.5178517772190756,0.4000026323395053,0.10581902631772278,0.3871588083517559,23
0.5211498756251999,0.4082759155223721,0.23548106259594037,0.4630029618453704,29
0.5546924653411915,0.420741396636601,0.23804129328206058,0.5241348803327309,31
