auroc,auprc,f1,mcc,balanced_acc,brier,tn,fp,fn,tp,threshold,split_seed
0.8276532708827165,0.7872382661147456,0.7265725288831836,0.5120573825907595,0.7589824197398392,0.1720474372522045,1143,386,253,849,0.49999999999999994,13
0.8270490578921539,0.784730339020822,0.7254821501846533,0.49953935608979133,0.7529518667890092,0.1732094800775455,1078,446,223,884,0.44999999999999996,17
0.82171866193681,0.7890009963057287,0.7109120521172638,0.4693918549911764,0.7374997631914219,0.17418313757337417,1048,471,239,873,0.44999999999999996,23
0.8236257842863686,0.790083590882273,0.7215140981073774,0.4729017637490064,0.7373698841098784,0.17427066298190114,976,518,203,934,0.39999999999999997,29
0.8320981911536106,0.7925261613245063,0.7263986013986014,0.5159653851514057,0.7583991827217486,0.1701095622510396,1174,321,305,831,0.5499999999999999,31
