rmse,mae,r2,spearman,split_seed
1.3167893522352454,0.9915390321993099,0.6518858175101144,0.7905556977724699,13
1.3631867244092366,1.010303096378502,0.623997517115791,0.7783860759084033,17
1.327493319530237,0.9922079698049464,0.6492482437560467,0.7927900963992108,23
1.3692551141119513,1.0273198004494717,0.6255753284122645,0.7717893465088013,29
1.3438192717816286,1.0096377958291285,0.6314911974389541,0.7790488476898428,31
