name,count,avg_confidence,score
MAO-B,7,0.9642857142857143,6.75
SGLT2,8,0.95625,7.65
BCHE,17,0.9517647058823527,16.179999999999996
CGAS,8,0.9500000000000001,7.6000000000000005
GLP-1 RECEPTOR,6,0.9500000000000001,5.7
SEH,7,0.9500000000000001,6.65
GLP1R,10,0.95,9.5
DYRK1A,7,0.9414285714285714,6.59
ACHE,42,0.9364285714285717,39.33000000000001
HDAC,7,0.9357142857142858,6.550000000000001
